{
  "OP1_Arith_SimpleMut_F3_Norm_Saturacion_FAST": [
    {
      "seed": 0,
      "best_fitness": 1.0349750456953666,
      "best_params": [
        1.4967539510620052,
        1.2999341228166874,
        0.9848582355045244,
        1.0225904141582882,
        1.4579266042136374
      ],
      "convergence_gen": 25,
      "total_time": 0.9629960060119629,
      "avg_diversity": 0.016585850383022002,
      "fitness_history": [
        1.006671680198645,
        1.006671680198645,
        1.006671680198645,
        1.0084977882275097,
        1.0093088042834037,
        1.010697703181617,
        1.0111451792076052,
        1.014367181979751,
        1.014367181979751,
        1.024731050362849,
        1.024731050362849,
        1.024731050362849,
        1.024731050362849,
        1.0266479721192856,
        1.0266479721192856,
        1.0336834572551397,
        1.0336834572551397,
        1.0336834572551397,
        1.0336834572551397,
        1.0336834572551397,
        1.0336834572551397,
        1.0342353911275102,
        1.0345484902384101,
        1.0347286243744769,
        1.0349750456953666,
        1.0349750456953666,
        1.0349750456953666,
        1.0349750456953666,
        1.0349750456953666,
        1.0349750456953666,
        1.0349750456953666,
        1.0349750456953666,
        1.0349750456953666,
        1.0349750456953666,
        1.0349750456953666
      ],
      "best_image_path": "results_fast/OP1_Arith_SimpleMut_F3_Norm_Saturacion_FAST_seed0_best.jpg"
    },
    {
      "seed": 1,
      "best_fitness": 1.035131255434557,
      "best_params": [
        1.3925825654817183,
        1.2998873020860127,
        0.8279766805573685,
        1.097219633621361,
        1.4720620312715398
      ],
      "convergence_gen": 40,
      "total_time": 1.7991981506347656,
      "avg_diversity": 0.014484517006203533,
      "fitness_history": [
        1.0044355188364686,
        1.0044355188364686,
        1.0160578649244827,
        1.0161959233659574,
        1.0161959233659574,
        1.0186532083416269,
        1.0208580971654986,
        1.0208580971654986,
        1.0208580971654986,
        1.0263578898517314,
        1.0274522859949604,
        1.0325570718858836,
        1.0325570718858836,
        1.0329331940890139,
        1.0329331940890139,
        1.0333086695236267,
        1.0333086695236267,
        1.0334876221723053,
        1.0334876221723053,
        1.0334876221723053,
        1.0334876221723053,
        1.0334876221723053,
        1.0336000927228162,
        1.0336000927228162,
        1.0339973410806294,
        1.0339973410806294,
        1.0339973410806294,
        1.034705625467957,
        1.034705625467957,
        1.034705625467957,
        1.0348335091233538,
        1.0348335091233538,
        1.0348335091233538,
        1.0348335091233538,
        1.0348335091233538,
        1.0348335091233538,
        1.0349909387914038,
        1.0349909387914038,
        1.0349909387914038,
        1.035131255434557,
        1.035131255434557,
        1.035131255434557,
        1.035131255434557,
        1.035131255434557,
        1.035131255434557,
        1.035131255434557,
        1.035131255434557,
        1.035131255434557,
        1.035131255434557,
        1.035131255434557
      ],
      "best_image_path": "results_fast/OP1_Arith_SimpleMut_F3_Norm_Saturacion_FAST_seed1_best.jpg"
    },
    {
      "seed": 2,
      "best_fitness": 1.0349839692395961,
      "best_params": [
        1.4282503024706057,
        1.3,
        0.9871036542014536,
        1.0956121305451623,
        1.458015463681467
      ],
      "convergence_gen": 13,
      "total_time": 1.0190858840942383,
      "avg_diversity": 0.021096340664055035,
      "fitness_history": [
        1.0221929465084643,
        1.0221929465084643,
        1.0225348119305935,
        1.0227794660174436,
        1.023152501984358,
        1.023152501984358,
        1.023152501984358,
        1.0342875352879324,
        1.0342875352879324,
        1.0343895570430721,
        1.0343895570430721,
        1.0343895570430721,
        1.0349839692395961,
        1.0349839692395961,
        1.0349839692395961,
        1.0349839692395961,
        1.0349839692395961,
        1.0349839692395961,
        1.0349839692395961,
        1.0349839692395961,
        1.0349839692395961,
        1.0349839692395961,
        1.0349839692395961
      ],
      "best_image_path": "results_fast/OP1_Arith_SimpleMut_F3_Norm_Saturacion_FAST_seed2_best.jpg"
    },
    {
      "seed": 3,
      "best_fitness": 1.035072445846447,
      "best_params": [
        1.3707237458139374,
        1.3,
        1.1662922633937116,
        1.1474711793873875,
        1.4536978132396556
      ],
      "convergence_gen": 27,
      "total_time": 1.5368759632110596,
      "avg_diversity": 0.01687093425818996,
      "fitness_history": [
        1.003985103140061,
        1.003985103140061,
        1.005793160205607,
        1.0089375140509376,
        1.0089375140509376,
        1.0089375140509376,
        1.0136722723854517,
        1.0136722723854517,
        1.0136722723854517,
        1.0219909804802203,
        1.0219909804802203,
        1.0256049645848095,
        1.0279086671306534,
        1.0279086671306534,
        1.0279086671306534,
        1.0279086671306534,
        1.028964348787612,
        1.0307324205995871,
        1.0307324205995871,
        1.0307324205995871,
        1.0340848073310211,
        1.0340848073310211,
        1.0340848073310211,
        1.0340848073310211,
        1.0343926175890816,
        1.0345655234197593,
        1.035072445846447,
        1.035072445846447,
        1.035072445846447,
        1.035072445846447,
        1.035072445846447,
        1.035072445846447,
        1.035072445846447,
        1.035072445846447,
        1.035072445846447,
        1.035072445846447,
        1.035072445846447
      ],
      "best_image_path": "results_fast/OP1_Arith_SimpleMut_F3_Norm_Saturacion_FAST_seed3_best.jpg"
    },
    {
      "seed": 4,
      "best_fitness": 1.0345370249681385,
      "best_params": [
        1.3411454023450289,
        1.3,
        1.1658157423769309,
        1.0751546117170834,
        1.4641877626955346
      ],
      "convergence_gen": 10,
      "total_time": 0.7933349609375,
      "avg_diversity": 0.022084615565836428,
      "fitness_history": [
        1.022246844445226,
        1.022246844445226,
        1.0224221730769132,
        1.0224221730769132,
        1.0336899884076365,
        1.0336899884076365,
        1.0336899884076365,
        1.0338370056430426,
        1.0338370056430426,
        1.0345370249681385,
        1.0345370249681385,
        1.0345370249681385,
        1.0345370249681385,
        1.0345370249681385,
        1.0345370249681385,
        1.0345370249681385,
        1.0345370249681385,
        1.0345370249681385,
        1.0345370249681385,
        1.0345370249681385
      ],
      "best_image_path": "results_fast/OP1_Arith_SimpleMut_F3_Norm_Saturacion_FAST_seed4_best.jpg"
    }
  ]
}